Protein	Motif	Match	P_value
Nav1.5	GTVLSDIIQKYFF	GTVLSDIIQKYFF	3.72e-17
Nav1.5	GLALSDLIQKYFF	GTVLSDIIQKYFF	3.27e-12
Nav1.5	VNILAKI	VNILAKI	3.69e-09
Nav1.5	LSDIIQ	LSDIIQ	4.52e-08
Nav1.5	LSDLIQ	LSDIIQ	1.53e-06
MYBPC	LSDLIQ	NFDLIQ	3.23e-05
Nav1.5	LSSLIQ	LSDIIQ	7.16e-05
ABLIM1	GLALSDLIQKYFF	KVCGCDLAQGGFF	7.86e-05
Nav1.5	GTVLSDIIQKYFF	GTVLSDIIQKYFF	7.35e-16
Nav1.5	GLALSDLIQKYFF	GTVLSDIIQKYFF	5.05e-10
Nav1.5	VNILAKI	VNILAKI	3.69e-09
MYL2	LSDIIQ	IDEMIK	5.58e-08
MYL2	LSSLIQ	IDEMIK	1.33e-07
MYBPC	FKVGHGLAC	SFVPEGFAC	5.24e-07
MYBPC	GLALSDLIQKYFF	GQALAELIVQEKK	1.97e-06
Nav1.5	LSDIIQ	LSDIIQ	2.03e-06
MYBPC	GTVLSDIIQKYFF	GQALAELIVQEKK	7e-06
Nav1.5	LSDLIQ	LSDIIQ	7.35e-06
MYL2	GLALSDLIQKYFF	NEEIDEMIKEAPG	3.38e-05
MYBPC	LSSLIQ	LAELIV	4.35e-05
MYBPC	LSDLIQ	LAELIV	6.38e-05
MYBPC	GLALSDLIQKYFF	GQEIQMSGSKYIF	6.78e-05
MYBPC	GTVLSDIIQKYFF	GQEIQMSGSKYIF	7.84e-05
MYBPC	LSDLIQ	NFDLIQ	9.2e-05
