Motif	motif_alt_id	Protein	Start	End	strand	Score	P_value	q-value	Match_Sequence	Method
GTVLSDIIQKYFF	motif_4	Nav1.5	1607	1619	+	52.9027	3.72e-17	1.56e-13	GTVLSDIIQKYFF	MEME
GLALSDLIQKYFF	motif_1	Nav1.5	1607	1619	+	30.7257	3.27e-12	1.37e-08	GTVLSDIIQKYFF	MEME
VNILAKI	motif_7	Nav1.5	1559	1565	+	27.125	3.69e-09	1.55e-05	VNILAKI	MEME
LSDIIQ	motif_5	Nav1.5	1610	1615	+	23.641	4.52e-08	0.000191	LSDIIQ	MEME
LSDLIQ	motif_2	Nav1.5	1610	1615	+	16.1538	1.53e-06	0.00646	LSDIIQ	MEME
LSDLIQ	motif_2	MYBPC	822	827	+	9.05983	3.23e-05	0.0681	NFDLIQ	MEME
LSSLIQ	motif_3	Nav1.5	1610	1615	+	8.54701	7.16e-05	0.302	LSDIIQ	MEME
GLALSDLIQKYFF	motif_1	ABLIM1	126	138	+	-6.72566	7.86e-05	0.164	KVCGCDLAQGGFF	MEME
GTVLSDIIQKYFF	motif_104	Nav1.5	1607	1619	+	46.2212	7.35e-16	3.08e-12	GTVLSDIIQKYFF	MEME
GLALSDLIQKYFF	motif_101	Nav1.5	1607	1619	+	25.0265	5.05e-10	2.1e-06	GTVLSDIIQKYFF	MEME
VNILAKI	motif_106	Nav1.5	1559	1565	+	25.1417	3.69e-09	1.55e-05	VNILAKI	MEME
LSDIIQ	motif_105	MYL2	66	71	+	19.3871	5.58e-08	0.000235	IDEMIK	MEME
LSSLIQ	motif_103	MYL2	66	71	+	19.0484	1.33e-07	0.000562	IDEMIK	MEME
FKVGHGLAC	motif_100	MYBPC	615	623	+	15.9806	5.24e-07	0.00218	SFVPEGFAC	MEME
GLALSDLIQKYFF	motif_101	MYBPC	532	544	+	8.43363	1.97e-06	0.0041	GQALAELIVQEKK	MEME
LSDIIQ	motif_105	Nav1.5	1610	1615	+	16.7177	2.03e-06	0.00429	LSDIIQ	MEME
GTVLSDIIQKYFF	motif_104	MYBPC	532	544	+	4.0885	7e-06	0.0147	GQALAELIVQEKK	MEME
LSDLIQ	motif_102	Nav1.5	1610	1615	+	13.4274	7.35e-06	0.031	LSDIIQ	MEME
GLALSDLIQKYFF	motif_101	MYL2	63	75	+	1.15929	3.38e-05	0.047	NEEIDEMIKEAPG	MEME
LSSLIQ	motif_103	MYBPC	535	540	+	11.4274	4.35e-05	0.0917	LAELIV	MEME
LSDLIQ	motif_102	MYBPC	535	540	+	10.4444	6.38e-05	0.129	LAELIV	MEME
GLALSDLIQKYFF	motif_101	MYBPC	400	412	+	-2.27434	6.78e-05	0.0706	GQEIQMSGSKYIF	MEME
GTVLSDIIQKYFF	motif_104	MYBPC	400	412	+	-2.26549	7.84e-05	0.109	GQEIQMSGSKYIF	MEME
LSDLIQ	motif_102	MYBPC	822	827	+	7.89744	9.2e-05	0.129	NFDLIQ	MEME
